Path,URL,Size in bytes (optional but recommended),MD5 Hash (optional but recommended),Filter Terms (optional),Overwrite (optional),Comments (optional)
docs/SMS/SMS Manuals/20 em 1.pdf,https://archive.org/download/mister-manuals/1986_Sega%20Master%20System.zip/1986_Sega%20Master%20System%2F20%20em%201.pdf,34172,b0303ee214cd88b68b9b1c055b3b955b,,,20 em 1.pdf
docs/SMS/SMS Manuals/4 Pak All Action.pdf,https://archive.org/download/mister-manuals/1986_Sega%20Master%20System.zip/1986_Sega%20Master%20System%2F4%20Pak%20All%20Action.pdf,243424,22a177216ee007619ea937504a7f281d,,,4 Pak All Action.pdf
docs/SMS/SMS Manuals/Ace of Aces.pdf,https://archive.org/download/mister-manuals/1986_Sega%20Master%20System.zip/1986_Sega%20Master%20System%2FAce%20of%20Aces.pdf,1546399,e281a259317428423442bb91246db733,,,Ace of Aces.pdf
docs/SMS/SMS Manuals/Action Fighter.pdf,https://archive.org/download/mister-manuals/1986_Sega%20Master%20System.zip/1986_Sega%20Master%20System%2FAction%20Fighter.pdf,1173242,fe32beb976db2b5796754f803a62036d,,,Action Fighter.pdf
docs/SMS/SMS Manuals/Aerial Assault.pdf,https://archive.org/download/mister-manuals/1986_Sega%20Master%20System.zip/1986_Sega%20Master%20System%2FAerial%20Assault.pdf,4387207,882c75fcc8ffc94648e4831d96782d39,,,Aerial Assault.pdf
docs/SMS/SMS Manuals/After Burner.pdf,https://archive.org/download/mister-manuals/1986_Sega%20Master%20System.zip/1986_Sega%20Master%20System%2FAfter%20Burner.pdf,982638,05652ab963e090a85da63b651342e040,,,After Burner.pdf
docs/SMS/SMS Manuals/Aladdin.pdf,https://archive.org/download/mister-manuals/1986_Sega%20Master%20System.zip/1986_Sega%20Master%20System%2FAladdin.pdf,2581435,f17a7f9c8d2467d5855fd889e38e149d,,,Aladdin.pdf
docs/SMS/SMS Manuals/Alex Kidd - High-Tech World.pdf,https://archive.org/download/mister-manuals/1986_Sega%20Master%20System.zip/1986_Sega%20Master%20System%2FAlex%20Kidd%20-%20High-Tech%20World.pdf,4437981,4d722aad8c627861c78c2052a089d5b5,,,Alex Kidd - High-Tech World.pdf
docs/SMS/SMS Manuals/Alex Kidd - The Lost Stars.pdf,https://archive.org/download/mister-manuals/1986_Sega%20Master%20System.zip/1986_Sega%20Master%20System%2FAlex%20Kidd%20-%20The%20Lost%20Stars.pdf,4297444,bd1cda1f69d14e80dbd2ac55b36a7b98,,,Alex Kidd - The Lost Stars.pdf
docs/SMS/SMS Manuals/Alex Kidd in Miracle World.pdf,https://archive.org/download/mister-manuals/1986_Sega%20Master%20System.zip/1986_Sega%20Master%20System%2FAlex%20Kidd%20in%20Miracle%20World.pdf,1691406,c2c63015862a037a681731d61483619e,,,Alex Kidd in Miracle World.pdf
docs/SMS/SMS Manuals/Alex Kidd in Shinobi World.pdf,https://archive.org/download/mister-manuals/1986_Sega%20Master%20System.zip/1986_Sega%20Master%20System%2FAlex%20Kidd%20in%20Shinobi%20World.pdf,3998207,34cd19379696557ca60f3b17505ca59c,,,Alex Kidd in Shinobi World.pdf
docs/SMS/SMS Manuals/Alien 3.pdf,https://archive.org/download/mister-manuals/1986_Sega%20Master%20System.zip/1986_Sega%20Master%20System%2FAlien%203.pdf,1419890,2218777af1f127771096c27ec32444ec,,,Alien 3.pdf
docs/SMS/SMS Manuals/Alien Syndrome.pdf,https://archive.org/download/mister-manuals/1986_Sega%20Master%20System.zip/1986_Sega%20Master%20System%2FAlien%20Syndrome.pdf,4267131,bfcdc233d014d9d5a23e16486b792ff4,,,Alien Syndrome.pdf
docs/SMS/SMS Manuals/Altered Beast.pdf,https://archive.org/download/mister-manuals/1986_Sega%20Master%20System.zip/1986_Sega%20Master%20System%2FAltered%20Beast.pdf,4384144,38394e01a8fc4137f57a4ed1e9a5e7aa,,,Altered Beast.pdf
docs/SMS/SMS Manuals/Andre Agassi Tennis.pdf,https://archive.org/download/mister-manuals/1986_Sega%20Master%20System.zip/1986_Sega%20Master%20System%2FAndre%20Agassi%20Tennis.pdf,4289012,1de3fb58c06ad8fd798ba7947b117617,,,Andre Agassi Tennis.pdf
docs/SMS/SMS Manuals/Arcade Smash Hits.pdf,https://archive.org/download/mister-manuals/1986_Sega%20Master%20System.zip/1986_Sega%20Master%20System%2FArcade%20Smash%20Hits.pdf,347269,24bc083799089d495c1a57b6cd06300c,,,Arcade Smash Hits.pdf
docs/SMS/SMS Manuals/Asterix .pdf,https://archive.org/download/mister-manuals/1986_Sega%20Master%20System.zip/1986_Sega%20Master%20System%2FAsterix%20.pdf,3301995,cfe5a4ad817bcb84e1f88c6727ad077e,,,Asterix .pdf
docs/SMS/SMS Manuals/Asterix and the Great Rescue.pdf,https://archive.org/download/mister-manuals/1986_Sega%20Master%20System.zip/1986_Sega%20Master%20System%2FAsterix%20and%20the%20Great%20Rescue.pdf,696795,366301a13e220b5a2af5aae2a6f41227,,,Asterix and the Great Rescue.pdf
docs/SMS/SMS Manuals/Asterix and the Secret Mission.pdf,https://archive.org/download/mister-manuals/1986_Sega%20Master%20System.zip/1986_Sega%20Master%20System%2FAsterix%20and%20the%20Secret%20Mission.pdf,4145489,718a6aa14e3a4ab5ec4fd3986c5112f0,,,Asterix and the Secret Mission.pdf
docs/SMS/SMS Manuals/Astro Warrior.pdf,https://archive.org/download/mister-manuals/1986_Sega%20Master%20System.zip/1986_Sega%20Master%20System%2FAstro%20Warrior.pdf,3280168,174817505a4a2f99766ec4b10b388070,,,Astro Warrior.pdf
docs/SMS/SMS Manuals/Ayrton Senna's Super Monaco GP II.pdf,https://archive.org/download/mister-manuals/1986_Sega%20Master%20System.zip/1986_Sega%20Master%20System%2FAyrton%20Senna_s%20Super%20Monaco%20GP%20II.pdf,3165744,e2151a602ac6e6ad895ecae062d7d656,,,Ayrton Senna_s Super Monaco GP II.pdf
docs/SMS/SMS Manuals/Aztec Adventure.pdf,https://archive.org/download/mister-manuals/1986_Sega%20Master%20System.zip/1986_Sega%20Master%20System%2FAztec%20Adventure.pdf,1355945,b68aa5b730d0a4c98ec0967a0243bd92,,,Aztec Adventure.pdf
docs/SMS/SMS Manuals/Back to the Future Part III.pdf,https://archive.org/download/mister-manuals/1986_Sega%20Master%20System.zip/1986_Sega%20Master%20System%2FBack%20to%20the%20Future%20Part%20III.pdf,2663626,c1d79c7a398c71097bcb2ad0ac6e5380,,,Back to the Future Part III.pdf
docs/SMS/SMS Manuals/Bank Panic.pdf,https://archive.org/download/mister-manuals/1986_Sega%20Master%20System.zip/1986_Sega%20Master%20System%2FBank%20Panic.pdf,2747006,264b1bb5fc35f2be1522be29702d906c,,,Bank Panic.pdf
docs/SMS/SMS Manuals/Basketball Nightmare.pdf,https://archive.org/download/mister-manuals/1986_Sega%20Master%20System.zip/1986_Sega%20Master%20System%2FBasketball%20Nightmare.pdf,2816055,c7e7ebc6784197be9356df6bfd885b6f,,,Basketball Nightmare.pdf
docs/SMS/SMS Manuals/Batman Returns.pdf,https://archive.org/download/mister-manuals/1986_Sega%20Master%20System.zip/1986_Sega%20Master%20System%2FBatman%20Returns.pdf,2297220,c8b5248154e07d9a8fa2c4edeb38e80f,,,Batman Returns.pdf
docs/SMS/SMS Manuals/Battle OutRun.pdf,https://archive.org/download/mister-manuals/1986_Sega%20Master%20System.zip/1986_Sega%20Master%20System%2FBattle%20OutRun.pdf,3336051,54b424a4112d2a8e5d43b599d97b98db,,,Battle OutRun.pdf
docs/SMS/SMS Manuals/Black Belt.pdf,https://archive.org/download/mister-manuals/1986_Sega%20Master%20System.zip/1986_Sega%20Master%20System%2FBlack%20Belt.pdf,3973312,71e08d883dfa486fc1b7b7dbfb81c98c,,,Black Belt.pdf
docs/SMS/SMS Manuals/Blade Eagle 3-D.pdf,https://archive.org/download/mister-manuals/1986_Sega%20Master%20System.zip/1986_Sega%20Master%20System%2FBlade%20Eagle%203-D.pdf,4103699,38fa73bf2ceaf423a6ee18592597c37e,,,Blade Eagle 3-D.pdf
docs/SMS/SMS Manuals/Bomber Raid.pdf,https://archive.org/download/mister-manuals/1986_Sega%20Master%20System.zip/1986_Sega%20Master%20System%2FBomber%20Raid.pdf,3103408,ed0aa548b734b656321f57ff09013e45,,,Bomber Raid.pdf
docs/SMS/SMS Manuals/Bram Stoker's Dracula.pdf,https://archive.org/download/mister-manuals/1986_Sega%20Master%20System.zip/1986_Sega%20Master%20System%2FBram%20Stoker_s%20Dracula.pdf,2461561,3a39d554f2c5eac2fafc47cd964ab79c,,,Bram Stoker_s Dracula.pdf
docs/SMS/SMS Manuals/Bubble Bobble.pdf,https://archive.org/download/mister-manuals/1986_Sega%20Master%20System.zip/1986_Sega%20Master%20System%2FBubble%20Bobble.pdf,4327950,ad1ee505b73777c309731bf3b3b45e35,,,Bubble Bobble.pdf
docs/SMS/SMS Manuals/California Games II.pdf,https://archive.org/download/mister-manuals/1986_Sega%20Master%20System.zip/1986_Sega%20Master%20System%2FCalifornia%20Games%20II.pdf,4170148,3324a3eab35b01a93d475efa30d9dc52,,,California Games II.pdf
docs/SMS/SMS Manuals/California Games.pdf,https://archive.org/download/mister-manuals/1986_Sega%20Master%20System.zip/1986_Sega%20Master%20System%2FCalifornia%20Games.pdf,1998731,d1ae7ac8f06e340582124c128082cc1d,,,California Games.pdf
docs/SMS/SMS Manuals/Captain Silver.pdf,https://archive.org/download/mister-manuals/1986_Sega%20Master%20System.zip/1986_Sega%20Master%20System%2FCaptain%20Silver.pdf,3966800,08ece0b825e07ff988696944b887b33e,,,Captain Silver.pdf
docs/SMS/SMS Manuals/Casino Games.pdf,https://archive.org/download/mister-manuals/1986_Sega%20Master%20System.zip/1986_Sega%20Master%20System%2FCasino%20Games.pdf,1829376,02afc676bb4369a20669240ad278d3ee,,,Casino Games.pdf
docs/SMS/SMS Manuals/Castle of Illusion starring Mickey Mouse.pdf,https://archive.org/download/mister-manuals/1986_Sega%20Master%20System.zip/1986_Sega%20Master%20System%2FCastle%20of%20Illusion%20starring%20Mickey%20Mouse.pdf,4019956,0c0ecbc10886f00ec3b8ed28fa1aa7b4,,,Castle of Illusion starring Mickey Mouse.pdf
docs/SMS/SMS Manuals/Champions of Europe.pdf,https://archive.org/download/mister-manuals/1986_Sega%20Master%20System.zip/1986_Sega%20Master%20System%2FChampions%20of%20Europe.pdf,869973,082a781a102b1ed1f31f5adaea1112f5,,,Champions of Europe.pdf
docs/SMS/SMS Manuals/Cheese Cat-Astrophe starring Speedy Gonzales.pdf,https://archive.org/download/mister-manuals/1986_Sega%20Master%20System.zip/1986_Sega%20Master%20System%2FCheese%20Cat-Astrophe%20starring%20Speedy%20Gonzales.pdf,4252155,94cac5ebeee955f188046bd0ebf426d3,,,Cheese Cat-Astrophe starring Speedy Gonzales.pdf
docs/SMS/SMS Manuals/Choplifter.pdf,https://archive.org/download/mister-manuals/1986_Sega%20Master%20System.zip/1986_Sega%20Master%20System%2FChoplifter.pdf,4248938,5adf1b2d3db1bcd24309f99f3b593091,,,Choplifter.pdf
docs/SMS/SMS Manuals/Chuck Rock.pdf,https://archive.org/download/mister-manuals/1986_Sega%20Master%20System.zip/1986_Sega%20Master%20System%2FChuck%20Rock.pdf,2437491,9f8d426c488528018c26c178006d0c98,,,Chuck Rock.pdf
docs/SMS/SMS Manuals/Cloud Master.pdf,https://archive.org/download/mister-manuals/1986_Sega%20Master%20System.zip/1986_Sega%20Master%20System%2FCloud%20Master.pdf,3790585,b1a1a16d06454407a2a2faec1e1e64d5,,,Cloud Master.pdf
docs/SMS/SMS Manuals/Columns.pdf,https://archive.org/download/mister-manuals/1986_Sega%20Master%20System.zip/1986_Sega%20Master%20System%2FColumns.pdf,3844295,c600605707168f6698c53aec4aef05a4,,,Columns.pdf
docs/SMS/SMS Manuals/Cool Spot.pdf,https://archive.org/download/mister-manuals/1986_Sega%20Master%20System.zip/1986_Sega%20Master%20System%2FCool%20Spot.pdf,1707198,43b25dfe971aa4cb6829dde7187faf65,,,Cool Spot.pdf
docs/SMS/SMS Manuals/Cosmic Spacehead.pdf,https://archive.org/download/mister-manuals/1986_Sega%20Master%20System.zip/1986_Sega%20Master%20System%2FCosmic%20Spacehead.pdf,2443466,8757dd48d71fe27bc7aef5029d2da810,,,Cosmic Spacehead.pdf
docs/SMS/SMS Manuals/Cyber Police - ESWAT.pdf,https://archive.org/download/mister-manuals/1986_Sega%20Master%20System.zip/1986_Sega%20Master%20System%2FCyber%20Police%20-%20ESWAT.pdf,3824937,08cf69b0bbb2da5a450ecf5fb69af425,,,Cyber Police - ESWAT.pdf
"docs/SMS/SMS Manuals/Cyber Shinobi, The.pdf",https://archive.org/download/mister-manuals/1986_Sega%20Master%20System.zip/1986_Sega%20Master%20System%2FCyber%20Shinobi%2C%20The.pdf,1867711,52616eb2ff246434021147d4479675d4,,,"Cyber Shinobi, The.pdf"
docs/SMS/SMS Manuals/Cyborg Hunter.pdf,https://archive.org/download/mister-manuals/1986_Sega%20Master%20System.zip/1986_Sega%20Master%20System%2FCyborg%20Hunter.pdf,3594261,a718ec219d1dfbf04f030125ed98b4c7,,,Cyborg Hunter.pdf
docs/SMS/SMS Manuals/Daffy Duck in Hollywood.pdf,https://archive.org/download/mister-manuals/1986_Sega%20Master%20System.zip/1986_Sega%20Master%20System%2FDaffy%20Duck%20in%20Hollywood.pdf,4342450,348c0a7e0fc12d9e8eec95aab792ab3b,,,Daffy Duck in Hollywood.pdf
docs/SMS/SMS Manuals/Danan - The Jungle Fighter.pdf,https://archive.org/download/mister-manuals/1986_Sega%20Master%20System.zip/1986_Sega%20Master%20System%2FDanan%20-%20The%20Jungle%20Fighter.pdf,4546151,411ea1ba72e0352808da9e23f67d240b,,,Danan - The Jungle Fighter.pdf
docs/SMS/SMS Manuals/Dead Angle.pdf,https://archive.org/download/mister-manuals/1986_Sega%20Master%20System.zip/1986_Sega%20Master%20System%2FDead%20Angle.pdf,888844,4e36c8af3d78102da07c7e2bb6a53a66,,,Dead Angle.pdf
docs/SMS/SMS Manuals/Deep Duck Trouble starring Donald Duck.pdf,https://archive.org/download/mister-manuals/1986_Sega%20Master%20System.zip/1986_Sega%20Master%20System%2FDeep%20Duck%20Trouble%20starring%20Donald%20Duck.pdf,1513642,3cff1e7d863a231e9a5efad9410cd1f1,,,Deep Duck Trouble starring Donald Duck.pdf
docs/SMS/SMS Manuals/Desert Speedtrap starring Road Runner and Wile E. Coyote.pdf,https://archive.org/download/mister-manuals/1986_Sega%20Master%20System.zip/1986_Sega%20Master%20System%2FDesert%20Speedtrap%20starring%20Road%20Runner%20and%20Wile%20E.%20Coyote.pdf,2504820,e4c2c7b9bbb6f97eb2e97947a854c411,,,Desert Speedtrap starring Road Runner and Wile E. Coyote.pdf
docs/SMS/SMS Manuals/Dick Tracy.pdf,https://archive.org/download/mister-manuals/1986_Sega%20Master%20System.zip/1986_Sega%20Master%20System%2FDick%20Tracy.pdf,4080954,825e80ded9b4a7013cf21ba75b3fc569,,,Dick Tracy.pdf
docs/SMS/SMS Manuals/Double Dragon.pdf,https://archive.org/download/mister-manuals/1986_Sega%20Master%20System.zip/1986_Sega%20Master%20System%2FDouble%20Dragon.pdf,3780586,2524014c6e07846b12db4da9171cac4e,,,Double Dragon.pdf
docs/SMS/SMS Manuals/Double Hawk.pdf,https://archive.org/download/mister-manuals/1986_Sega%20Master%20System.zip/1986_Sega%20Master%20System%2FDouble%20Hawk.pdf,1170805,a4ab14cb23a47b6b3dc24c526b8491f9,,,Double Hawk.pdf
docs/SMS/SMS Manuals/Dr. Robotnik_s Mean Bean Machine.pdf,https://archive.org/download/mister-manuals/1986_Sega%20Master%20System.zip/1986_Sega%20Master%20System%2FDr.%20Robotnik_s%20Mean%20Bean%20Machine.pdf,2842305,c1a1d3e150ff39ef6ea8a696acc4dfe8,,,Dr. Robotnik_s Mean Bean Machine.pdf
docs/SMS/SMS Manuals/Dynamite Dux.pdf,https://archive.org/download/mister-manuals/1986_Sega%20Master%20System.zip/1986_Sega%20Master%20System%2FDynamite%20Dux.pdf,2116770,49c03a1c6c54317294318799d3508d9e,,,Dynamite Dux.pdf
docs/SMS/SMS Manuals/Ecco the Dolphin.pdf,https://archive.org/download/mister-manuals/1986_Sega%20Master%20System.zip/1986_Sega%20Master%20System%2FEcco%20the%20Dolphin.pdf,3947823,c06511ec77fbfd6b6688e841a1334f4b,,,Ecco the Dolphin.pdf
docs/SMS/SMS Manuals/Enduro Racer.pdf,https://archive.org/download/mister-manuals/1986_Sega%20Master%20System.zip/1986_Sega%20Master%20System%2FEnduro%20Racer.pdf,982207,3f909c4b2082e2c05479d445216a8b50,,,Enduro Racer.pdf
docs/SMS/SMS Manuals/F-16 Fighting Falcon.pdf,https://archive.org/download/mister-manuals/1986_Sega%20Master%20System.zip/1986_Sega%20Master%20System%2FF-16%20Fighting%20Falcon.pdf,2545942,83c170ddc38f6b409345a5f51054df6a,,,F-16 Fighting Falcon.pdf
docs/SMS/SMS Manuals/Fantastic Dizzy.pdf,https://archive.org/download/mister-manuals/1986_Sega%20Master%20System.zip/1986_Sega%20Master%20System%2FFantastic%20Dizzy.pdf,1642315,804cfac9ba1f882d013450895296ea68,,,Fantastic Dizzy.pdf
docs/SMS/SMS Manuals/Fantasy Zone - The Maze.pdf,https://archive.org/download/mister-manuals/1986_Sega%20Master%20System.zip/1986_Sega%20Master%20System%2FFantasy%20Zone%20-%20The%20Maze.pdf,3848303,1aad812929845cc530390d3d58d272de,,,Fantasy Zone - The Maze.pdf
docs/SMS/SMS Manuals/Fantasy Zone II.pdf,https://archive.org/download/mister-manuals/1986_Sega%20Master%20System.zip/1986_Sega%20Master%20System%2FFantasy%20Zone%20II.pdf,4552775,fad853dcde104e73a4fbd30b325f2fc2,,,Fantasy Zone II.pdf
docs/SMS/SMS Manuals/Fantasy Zone.pdf,https://archive.org/download/mister-manuals/1986_Sega%20Master%20System.zip/1986_Sega%20Master%20System%2FFantasy%20Zone.pdf,4120334,46cf6dfc8f489cfb48f6fad3d68781cd,,,Fantasy Zone.pdf
"docs/SMS/SMS Manuals/Flash, The.pdf",https://archive.org/download/mister-manuals/1986_Sega%20Master%20System.zip/1986_Sega%20Master%20System%2FFlash%2C%20The.pdf,3388001,5c49e9e3f45fdfce95c03f6d26299aa3,,,"Flash, The.pdf"
"docs/SMS/SMS Manuals/Flintstones, The.pdf",https://archive.org/download/mister-manuals/1986_Sega%20Master%20System.zip/1986_Sega%20Master%20System%2FFlintstones%2C%20The.pdf,3421988,ca659ecd9a7f51663de92b862ed30394,,,"Flintstones, The.pdf"
docs/SMS/SMS Manuals/G-LOC - Air Battle.pdf,https://archive.org/download/mister-manuals/1986_Sega%20Master%20System.zip/1986_Sega%20Master%20System%2FG-LOC%20-%20Air%20Battle.pdf,3529651,a794a84a08c4a00db6e49ab44fe50458,,,G-LOC - Air Battle.pdf
docs/SMS/SMS Manuals/Gain Ground.pdf,https://archive.org/download/mister-manuals/1986_Sega%20Master%20System.zip/1986_Sega%20Master%20System%2FGain%20Ground.pdf,3076966,11a4965bde07f55434b18d932527cc36,,,Gain Ground.pdf
docs/SMS/SMS Manuals/Galaxy Force.pdf,https://archive.org/download/mister-manuals/1986_Sega%20Master%20System.zip/1986_Sega%20Master%20System%2FGalaxy%20Force.pdf,958633,13299a0071cb7b1eed30ab990c2d39db,,,Galaxy Force.pdf
docs/SMS/SMS Manuals/Gangster Town.pdf,https://archive.org/download/mister-manuals/1986_Sega%20Master%20System.zip/1986_Sega%20Master%20System%2FGangster%20Town.pdf,3979658,0a62b01524f3ff46816b3888a0ff10ee,,,Gangster Town.pdf
docs/SMS/SMS Manuals/Gauntlet.pdf,https://archive.org/download/mister-manuals/1986_Sega%20Master%20System.zip/1986_Sega%20Master%20System%2FGauntlet.pdf,1181371,a74b2847294616a23f49311e459edbec,,,Gauntlet.pdf
"docs/SMS/SMS Manuals/Genius Bakabon, The.pdf",https://archive.org/download/mister-manuals/1986_Sega%20Master%20System.zip/1986_Sega%20Master%20System%2FGenius%20Bakabon%2C%20The.pdf,1628755,7d86384d0b8f61fa4603db418159ce6f,,,"Genius Bakabon, The.pdf"
docs/SMS/SMS Manuals/Ghost House.pdf,https://archive.org/download/mister-manuals/1986_Sega%20Master%20System.zip/1986_Sega%20Master%20System%2FGhost%20House.pdf,4514445,174e724f09057b4ef33b334da590c216,,,Ghost House.pdf
docs/SMS/SMS Manuals/Ghostbusters.pdf,https://archive.org/download/mister-manuals/1986_Sega%20Master%20System.zip/1986_Sega%20Master%20System%2FGhostbusters.pdf,1699966,22cbf963f2cf5eebd257fbe19aefc8ec,,,Ghostbusters.pdf
docs/SMS/SMS Manuals/Ghouls 'n Ghosts.pdf,https://archive.org/download/mister-manuals/1986_Sega%20Master%20System.zip/1986_Sega%20Master%20System%2FGhouls%20_n%20Ghosts.pdf,3792043,3e50dc964fe1c49877404ddd37034637,,,Ghouls _n Ghosts.pdf
docs/SMS/SMS Manuals/Global Defense.pdf,https://archive.org/download/mister-manuals/1986_Sega%20Master%20System.zip/1986_Sega%20Master%20System%2FGlobal%20Defense.pdf,926658,2e9ae0bdd7b6853735c55a7e723f2e18,,,Global Defense.pdf
docs/SMS/SMS Manuals/Golden Axe Warrior.pdf,https://archive.org/download/mister-manuals/1986_Sega%20Master%20System.zip/1986_Sega%20Master%20System%2FGolden%20Axe%20Warrior.pdf,1451243,c175ec8ecfc00ed09c98465b03c29990,,,Golden Axe Warrior.pdf
docs/SMS/SMS Manuals/Golden Axe.pdf,https://archive.org/download/mister-manuals/1986_Sega%20Master%20System.zip/1986_Sega%20Master%20System%2FGolden%20Axe.pdf,4305239,1d2e375aa247624ded3cbc564a5a77af,,,Golden Axe.pdf
docs/SMS/SMS Manuals/Golfamania.pdf,https://archive.org/download/mister-manuals/1986_Sega%20Master%20System.zip/1986_Sega%20Master%20System%2FGolfamania.pdf,2521051,a80281cd3f4879855fb69b4e6eb32e4c,,,Golfamania.pdf
docs/SMS/SMS Manuals/Golvellius - Valley of Doom.pdf,https://archive.org/download/mister-manuals/1986_Sega%20Master%20System.zip/1986_Sega%20Master%20System%2FGolvellius%20-%20Valley%20of%20Doom.pdf,1447924,0fef34cf6f3ecb2d47f2811bbf5ad058,,,Golvellius - Valley of Doom.pdf
docs/SMS/SMS Manuals/Great Baseball.pdf,https://archive.org/download/mister-manuals/1986_Sega%20Master%20System.zip/1986_Sega%20Master%20System%2FGreat%20Baseball.pdf,1039800,7c29089d43b96253a31ab435a33d627a,,,Great Baseball.pdf
docs/SMS/SMS Manuals/Great Basketball.pdf,https://archive.org/download/mister-manuals/1986_Sega%20Master%20System.zip/1986_Sega%20Master%20System%2FGreat%20Basketball.pdf,1506615,0f257c726f925e2c3f1d26b099f86f3d,,,Great Basketball.pdf
docs/SMS/SMS Manuals/Great Football.pdf,https://archive.org/download/mister-manuals/1986_Sega%20Master%20System.zip/1986_Sega%20Master%20System%2FGreat%20Football.pdf,3982449,11d43af9c53cd98ff4f18d4455b1187a,,,Great Football.pdf
docs/SMS/SMS Manuals/Great Golf.pdf,https://archive.org/download/mister-manuals/1986_Sega%20Master%20System.zip/1986_Sega%20Master%20System%2FGreat%20Golf.pdf,1429846,01680343198b872b292ff1921e8a026f,,,Great Golf.pdf
docs/SMS/SMS Manuals/Great Ice Hockey.pdf,https://archive.org/download/mister-manuals/1986_Sega%20Master%20System.zip/1986_Sega%20Master%20System%2FGreat%20Ice%20Hockey.pdf,3835231,bd09df6ff05a0c7578234c49068abcf0,,,Great Ice Hockey.pdf
docs/SMS/SMS Manuals/Great Soccer.pdf,https://archive.org/download/mister-manuals/1986_Sega%20Master%20System.zip/1986_Sega%20Master%20System%2FGreat%20Soccer.pdf,4315232,f8071bfddf8e4ea01366a2de83235e52,,,Great Soccer.pdf
docs/SMS/SMS Manuals/Great Volleyball.pdf,https://archive.org/download/mister-manuals/1986_Sega%20Master%20System.zip/1986_Sega%20Master%20System%2FGreat%20Volleyball.pdf,4509023,180084c89e9f44655287c6608eea5eb1,,,Great Volleyball.pdf
docs/SMS/SMS Manuals/Hang-On.pdf,https://archive.org/download/mister-manuals/1986_Sega%20Master%20System.zip/1986_Sega%20Master%20System%2FHang-On.pdf,799349,be0fc7865ab32cac54dcc7ca28f6d820,,,Hang-On.pdf
docs/SMS/SMS Manuals/Heroes of the Lance.pdf,https://archive.org/download/mister-manuals/1986_Sega%20Master%20System.zip/1986_Sega%20Master%20System%2FHeroes%20of%20the%20Lance.pdf,1310065,6053dad6aa9036011a6d962d4eadfe74,,,Heroes of the Lance.pdf
docs/SMS/SMS Manuals/Impossible Mission.pdf,https://archive.org/download/mister-manuals/1986_Sega%20Master%20System.zip/1986_Sega%20Master%20System%2FImpossible%20Mission.pdf,3644122,bef3849b165c6c26e834fba97951a3ae,,,Impossible Mission.pdf
docs/SMS/SMS Manuals/Indiana Jones and the Last Crusade.pdf,https://archive.org/download/mister-manuals/1986_Sega%20Master%20System.zip/1986_Sega%20Master%20System%2FIndiana%20Jones%20and%20the%20Last%20Crusade.pdf,735187,b1b208e84f63e28ea7471921402b0194,,,Indiana Jones and the Last Crusade.pdf
docs/SMS/SMS Manuals/James Bond 007 - The Duel.pdf,https://archive.org/download/mister-manuals/1986_Sega%20Master%20System.zip/1986_Sega%20Master%20System%2FJames%20Bond%20007%20-%20The%20Duel.pdf,638771,5f2e74ea24524779480d433bc427f541,,,James Bond 007 - The Duel.pdf
docs/SMS/SMS Manuals/James Pond 2 - Codename RoboCod.pdf,https://archive.org/download/mister-manuals/1986_Sega%20Master%20System.zip/1986_Sega%20Master%20System%2FJames%20Pond%202%20-%20Codename%20RoboCod.pdf,1856758,1901f604bb0aba8b0a4d42de47888dac,,,James Pond 2 - Codename RoboCod.pdf
docs/SMS/SMS Manuals/Joe Montana Football.pdf,https://archive.org/download/mister-manuals/1986_Sega%20Master%20System.zip/1986_Sega%20Master%20System%2FJoe%20Montana%20Football.pdf,4482849,ab40eae42e2eb7c6e9f51739d7ccbfe3,,,Joe Montana Football.pdf
docs/SMS/SMS Manuals/Jurassic Park.pdf,https://archive.org/download/mister-manuals/1986_Sega%20Master%20System.zip/1986_Sega%20Master%20System%2FJurassic%20Park.pdf,4109432,3aa9b6c93e61377358643e90f91b1c9b,,,Jurassic Park.pdf
docs/SMS/SMS Manuals/Kenseiden.pdf,https://archive.org/download/mister-manuals/1986_Sega%20Master%20System.zip/1986_Sega%20Master%20System%2FKenseiden.pdf,1420991,c2763f886b257fffb2e2fb808eea5832,,,Kenseiden.pdf
docs/SMS/SMS Manuals/King's Quest - Quest for the Crown.pdf,https://archive.org/download/mister-manuals/1986_Sega%20Master%20System.zip/1986_Sega%20Master%20System%2FKing_s%20Quest%20-%20Quest%20for%20the%20Crown.pdf,4342624,46bbe9901d8bee336022a491d3ca503c,,,King_s Quest - Quest for the Crown.pdf
docs/SMS/SMS Manuals/Klax.pdf,https://archive.org/download/mister-manuals/1986_Sega%20Master%20System.zip/1986_Sega%20Master%20System%2FKlax.pdf,3980095,06e605f72e518e04a31d5cb2c92cd002,,,Klax.pdf
docs/SMS/SMS Manuals/Kung Fu Kid.pdf,https://archive.org/download/mister-manuals/1986_Sega%20Master%20System.zip/1986_Sega%20Master%20System%2FKung%20Fu%20Kid.pdf,4177181,3adf9a4938b0d5fb718ff673156ba27c,,,Kung Fu Kid.pdf
docs/SMS/SMS Manuals/Land of Illusion starring Mickey Mouse.pdf,https://archive.org/download/mister-manuals/1986_Sega%20Master%20System.zip/1986_Sega%20Master%20System%2FLand%20of%20Illusion%20starring%20Mickey%20Mouse.pdf,3948526,aa8555c3a862471be4bb91c9e45faeda,,,Land of Illusion starring Mickey Mouse.pdf
docs/SMS/SMS Manuals/Laser Ghost.pdf,https://archive.org/download/mister-manuals/1986_Sega%20Master%20System.zip/1986_Sega%20Master%20System%2FLaser%20Ghost.pdf,2664546,ac2ae9b6c9e4749ee2bbdb40d5e40e89,,,Laser Ghost.pdf
docs/SMS/SMS Manuals/Lemmings.pdf,https://archive.org/download/mister-manuals/1986_Sega%20Master%20System.zip/1986_Sega%20Master%20System%2FLemmings.pdf,2973234,87cdc63a7c0f0a55fbc4f986cda86659,,,Lemmings.pdf
docs/SMS/SMS Manuals/Lord of the Sword.pdf,https://archive.org/download/mister-manuals/1986_Sega%20Master%20System.zip/1986_Sega%20Master%20System%2FLord%20of%20the%20Sword.pdf,1280128,e5d80c69b811d03cbee14cc52fae9f81,,,Lord of the Sword.pdf
"docs/SMS/SMS Manuals/Lucky Dime Caper starring Donald Duck, The.pdf",https://archive.org/download/mister-manuals/1986_Sega%20Master%20System.zip/1986_Sega%20Master%20System%2FLucky%20Dime%20Caper%20starring%20Donald%20Duck%2C%20The.pdf,1257993,02fd069252883b6a6e8d8d1e48f489db,,,"Lucky Dime Caper starring Donald Duck, The.pdf"
docs/SMS/SMS Manuals/Marksman Shooting + Trap Shooting + Safari Hunt.pdf,https://archive.org/download/mister-manuals/1986_Sega%20Master%20System.zip/1986_Sega%20Master%20System%2FMarksman%20Shooting%20%2B%20Trap%20Shooting%20%2B%20Safari%20Hunt.pdf,3680391,0e960d0f442e38ecc72f31ee55fed946,,,Marksman Shooting + Trap Shooting + Safari Hunt.pdf
docs/SMS/SMS Manuals/Master of Darkness.pdf,https://archive.org/download/mister-manuals/1986_Sega%20Master%20System.zip/1986_Sega%20Master%20System%2FMaster%20of%20Darkness.pdf,4076639,fd5881e14b5d3dcc0fb81053176be846,,,Master of Darkness.pdf
docs/SMS/SMS Manuals/Maze Hunter 3-D.pdf,https://archive.org/download/mister-manuals/1986_Sega%20Master%20System.zip/1986_Sega%20Master%20System%2FMaze%20Hunter%203-D.pdf,4382499,5df96c3cf5579d12628cd3b2cb6f68fa,,,Maze Hunter 3-D.pdf
docs/SMS/SMS Manuals/Mercs.pdf,https://archive.org/download/mister-manuals/1986_Sega%20Master%20System.zip/1986_Sega%20Master%20System%2FMercs.pdf,4065180,7c4f7aa03d1d86683f88664b9ee10bee,,,Mercs.pdf
docs/SMS/SMS Manuals/Michael Jackson's Moonwalker.pdf,https://archive.org/download/mister-manuals/1986_Sega%20Master%20System.zip/1986_Sega%20Master%20System%2FMichael%20Jackson_s%20Moonwalker.pdf,958183,2fce3c426fe0901d96ef8b05aa5b4a35,,,Michael Jackson_s Moonwalker.pdf
docs/SMS/SMS Manuals/Mick & Mack as the Global Gladiators.pdf,https://archive.org/download/mister-manuals/1986_Sega%20Master%20System.zip/1986_Sega%20Master%20System%2FMick%20%26%20Mack%20as%20the%20Global%20Gladiators.pdf,503731,62b25a94d4754011192520095af57b90,,,Mick & Mack as the Global Gladiators.pdf
docs/SMS/SMS Manuals/Micro Machines.pdf,https://archive.org/download/mister-manuals/1986_Sega%20Master%20System.zip/1986_Sega%20Master%20System%2FMicro%20Machines.pdf,1760863,ac56648db0788372521533ef41c0b1b3,,,Micro Machines.pdf
docs/SMS/SMS Manuals/Miracle Warriors - Seal of the Dark Lord.pdf,https://archive.org/download/mister-manuals/1986_Sega%20Master%20System.zip/1986_Sega%20Master%20System%2FMiracle%20Warriors%20-%20Seal%20of%20the%20Dark%20Lord.pdf,1596116,0b0864a91610a4beb0f65c1236b871e4,,,Miracle Warriors - Seal of the Dark Lord.pdf
docs/SMS/SMS Manuals/Missile Defense 3-D.pdf,https://archive.org/download/mister-manuals/1986_Sega%20Master%20System.zip/1986_Sega%20Master%20System%2FMissile%20Defense%203-D.pdf,4494589,555370f395e5f4e91e3052b2507ad25e,,,Missile Defense 3-D.pdf
docs/SMS/SMS Manuals/Montezuma's Revenge featuring Panama Joe.pdf,https://archive.org/download/mister-manuals/1986_Sega%20Master%20System.zip/1986_Sega%20Master%20System%2FMontezuma_s%20Revenge%20featuring%20Panama%20Joe.pdf,3829094,97cc0bb466375b88eaf11f4f6a067d70,,,Montezuma_s Revenge featuring Panama Joe.pdf
docs/SMS/SMS Manuals/Mortal Kombat.pdf,https://archive.org/download/mister-manuals/1986_Sega%20Master%20System.zip/1986_Sega%20Master%20System%2FMortal%20Kombat.pdf,2214797,187463603f74938b50ae21ba4c2470af,,,Mortal Kombat.pdf
docs/SMS/SMS Manuals/Ms. Pac-Man.pdf,https://archive.org/download/mister-manuals/1986_Sega%20Master%20System.zip/1986_Sega%20Master%20System%2FMs.%20Pac-Man.pdf,4562169,62aea86ca3a6e07ef10a231c24af0dec,,,Ms. Pac-Man.pdf
docs/SMS/SMS Manuals/My Hero.pdf,https://archive.org/download/mister-manuals/1986_Sega%20Master%20System.zip/1986_Sega%20Master%20System%2FMy%20Hero.pdf,2831956,b59bdfae46cc6995fcae83982eee4887,,,My Hero.pdf
"docs/SMS/SMS Manuals/New Zealand Story, The.pdf",https://archive.org/download/mister-manuals/1986_Sega%20Master%20System.zip/1986_Sega%20Master%20System%2FNew%20Zealand%20Story%2C%20The.pdf,3799461,42960c3b4a139b1cfd8eb2d0c2028d27,,,"New Zealand Story, The.pdf"
docs/SMS/SMS Manuals/Ninja Gaiden.pdf,https://archive.org/download/mister-manuals/1986_Sega%20Master%20System.zip/1986_Sega%20Master%20System%2FNinja%20Gaiden.pdf,570423,94fd437893b38e09dfdb4f48df3cdbb5,,,Ninja Gaiden.pdf
"docs/SMS/SMS Manuals/Ninja, The.pdf",https://archive.org/download/mister-manuals/1986_Sega%20Master%20System.zip/1986_Sega%20Master%20System%2FNinja%2C%20The.pdf,1054838,a4c1317c659ae972b97abac84d3e905a,,,"Ninja, The.pdf"
docs/SMS/SMS Manuals/Olympic Gold - Barcelona '92.pdf,https://archive.org/download/mister-manuals/1986_Sega%20Master%20System.zip/1986_Sega%20Master%20System%2FOlympic%20Gold%20-%20Barcelona%20_92.pdf,299485,3c318e4bae968186367d558355cb2ce6,,,Olympic Gold - Barcelona _92.pdf
docs/SMS/SMS Manuals/Operation Wolf.pdf,https://archive.org/download/mister-manuals/1986_Sega%20Master%20System.zip/1986_Sega%20Master%20System%2FOperation%20Wolf.pdf,3141886,b8b9dcfba4dbe732645104c1a8b0fb15,,,Operation Wolf.pdf
"docs/SMS/SMS Manuals/Ottifants, The.pdf",https://archive.org/download/mister-manuals/1986_Sega%20Master%20System.zip/1986_Sega%20Master%20System%2FOttifants%2C%20The.pdf,4084118,4a1bd46f91d1e8b41cf7a45332f9ef7c,,,"Ottifants, The.pdf"
docs/SMS/SMS Manuals/OutRun 3-D.pdf,https://archive.org/download/mister-manuals/1986_Sega%20Master%20System.zip/1986_Sega%20Master%20System%2FOutRun%203-D.pdf,3186321,5781bcde0cbc057420dc38199a4f0ec5,,,OutRun 3-D.pdf
docs/SMS/SMS Manuals/OutRun Europa.pdf,https://archive.org/download/mister-manuals/1986_Sega%20Master%20System.zip/1986_Sega%20Master%20System%2FOutRun%20Europa.pdf,1493297,4613f81d0d79e07ecfe123306c65720c,,,OutRun Europa.pdf
docs/SMS/SMS Manuals/OutRun.pdf,https://archive.org/download/mister-manuals/1986_Sega%20Master%20System.zip/1986_Sega%20Master%20System%2FOutRun.pdf,4044371,2d1859f12e14ca49de39b248b1d450a5,,,OutRun.pdf
docs/SMS/SMS Manuals/Pac-Mania.pdf,https://archive.org/download/mister-manuals/1986_Sega%20Master%20System.zip/1986_Sega%20Master%20System%2FPac-Mania.pdf,2163427,8eb9070516c93ab90b0df251b84e6038,,,Pac-Mania.pdf
docs/SMS/SMS Manuals/Paperboy.pdf,https://archive.org/download/mister-manuals/1986_Sega%20Master%20System.zip/1986_Sega%20Master%20System%2FPaperboy.pdf,2362459,839a94bb1a0ef72ce1d21a0c5e38f05e,,,Paperboy.pdf
docs/SMS/SMS Manuals/Parlour Games.pdf,https://archive.org/download/mister-manuals/1986_Sega%20Master%20System.zip/1986_Sega%20Master%20System%2FParlour%20Games.pdf,3501988,9941528509172eae8273583f4b07da32,,,Parlour Games.pdf
docs/SMS/SMS Manuals/Penguin Land.pdf,https://archive.org/download/mister-manuals/1986_Sega%20Master%20System.zip/1986_Sega%20Master%20System%2FPenguin%20Land.pdf,3825976,480869b46d9daa21eea07ad8f13d78ac,,,Penguin Land.pdf
docs/SMS/SMS Manuals/Phantasy Star.pdf,https://archive.org/download/mister-manuals/1986_Sega%20Master%20System.zip/1986_Sega%20Master%20System%2FPhantasy%20Star.pdf,2758457,5be2e9bae73c0c5b0017fe665e99eeef,,,Phantasy Star.pdf
docs/SMS/SMS Manuals/Poseidon Wars 3-D.pdf,https://archive.org/download/mister-manuals/1986_Sega%20Master%20System.zip/1986_Sega%20Master%20System%2FPoseidon%20Wars%203-D.pdf,1500342,77b0e377400b67de139b99d070548524,,,Poseidon Wars 3-D.pdf
docs/SMS/SMS Manuals/Power Strike .pdf,https://archive.org/download/mister-manuals/1986_Sega%20Master%20System.zip/1986_Sega%20Master%20System%2FPower%20Strike%20.pdf,4046272,c971150e22d954bec81424bf7bb66a60,,,Power Strike .pdf
docs/SMS/SMS Manuals/Power Strike II.pdf,https://archive.org/download/mister-manuals/1986_Sega%20Master%20System.zip/1986_Sega%20Master%20System%2FPower%20Strike%20II.pdf,1588237,96de69a7a75a8a9e1fd7f3eb70f6571e,,,Power Strike II.pdf
docs/SMS/SMS Manuals/Prince of Persia.pdf,https://archive.org/download/mister-manuals/1986_Sega%20Master%20System.zip/1986_Sega%20Master%20System%2FPrince%20of%20Persia.pdf,4713119,75945acf53463aa625605b57f7545185,,,Prince of Persia.pdf
docs/SMS/SMS Manuals/Pro Wrestling.pdf,https://archive.org/download/mister-manuals/1986_Sega%20Master%20System.zip/1986_Sega%20Master%20System%2FPro%20Wrestling.pdf,1473308,9c17765a3057e8e9d9c836c76fb18e36,,,Pro Wrestling.pdf
docs/SMS/SMS Manuals/Psychic World.pdf,https://archive.org/download/mister-manuals/1986_Sega%20Master%20System.zip/1986_Sega%20Master%20System%2FPsychic%20World.pdf,4442739,2fc07b93e05eecddb567677c4dc7ccb5,,,Psychic World.pdf
docs/SMS/SMS Manuals/Psycho Fox.pdf,https://archive.org/download/mister-manuals/1986_Sega%20Master%20System.zip/1986_Sega%20Master%20System%2FPsycho%20Fox.pdf,1664211,31ed6fcc26801691e6e049b247609443,,,Psycho Fox.pdf
docs/SMS/SMS Manuals/Putt & Putter.pdf,https://archive.org/download/mister-manuals/1986_Sega%20Master%20System.zip/1986_Sega%20Master%20System%2FPutt%20%26%20Putter.pdf,2256603,bd2e98372e4bc84d6902d32ac49f937c,,,Putt & Putter.pdf
docs/SMS/SMS Manuals/Quartet.pdf,https://archive.org/download/mister-manuals/1986_Sega%20Master%20System.zip/1986_Sega%20Master%20System%2FQuartet.pdf,1101017,3c05519d162c2939c04ab175017ae857,,,Quartet.pdf
docs/SMS/SMS Manuals/R-Type.pdf,https://archive.org/download/mister-manuals/1986_Sega%20Master%20System.zip/1986_Sega%20Master%20System%2FR-Type.pdf,1359234,ca11e6bdf33e66929e13aab78124a771,,,R-Type.pdf
docs/SMS/SMS Manuals/R.C. Grand Prix.pdf,https://archive.org/download/mister-manuals/1986_Sega%20Master%20System.zip/1986_Sega%20Master%20System%2FR.C.%20Grand%20Prix.pdf,1326881,9624381b745ceb8bbf4a454c158a51ee,,,R.C. Grand Prix.pdf
docs/SMS/SMS Manuals/Rainbow Islands - The Story of the Bubble Bobble 2.pdf,https://archive.org/download/mister-manuals/1986_Sega%20Master%20System.zip/1986_Sega%20Master%20System%2FRainbow%20Islands%20-%20The%20Story%20of%20the%20Bubble%20Bobble%202.pdf,523094,0fdd670b16695777d02eaaf1a6519683,,,Rainbow Islands - The Story of the Bubble Bobble 2.pdf
docs/SMS/SMS Manuals/Rambo - First Blood Part II.pdf,https://archive.org/download/mister-manuals/1986_Sega%20Master%20System.zip/1986_Sega%20Master%20System%2FRambo%20-%20First%20Blood%20Part%20II.pdf,973177,fcc0798a825602fd5c5e9287be22a1a6,,,Rambo - First Blood Part II.pdf
docs/SMS/SMS Manuals/Rambo III.pdf,https://archive.org/download/mister-manuals/1986_Sega%20Master%20System.zip/1986_Sega%20Master%20System%2FRambo%20III.pdf,885830,50027e155035b9e8b2d3a20a755b7a1a,,,Rambo III.pdf
docs/SMS/SMS Manuals/Rampage.pdf,https://archive.org/download/mister-manuals/1986_Sega%20Master%20System.zip/1986_Sega%20Master%20System%2FRampage.pdf,2492357,f5001e0f47e35df615d5b30a086a7d8b,,,Rampage.pdf
docs/SMS/SMS Manuals/Rampart.pdf,https://archive.org/download/mister-manuals/1986_Sega%20Master%20System.zip/1986_Sega%20Master%20System%2FRampart.pdf,2789071,ef0400fa3fe05b23a64119767a4bb4a3,,,Rampart.pdf
docs/SMS/SMS Manuals/Rastan.pdf,https://archive.org/download/mister-manuals/1986_Sega%20Master%20System.zip/1986_Sega%20Master%20System%2FRastan.pdf,1315673,191c99aa12a02d91b09f0f59e3514e37,,,Rastan.pdf
docs/SMS/SMS Manuals/Reggie Jackson Baseball.pdf,https://archive.org/download/mister-manuals/1986_Sega%20Master%20System.zip/1986_Sega%20Master%20System%2FReggie%20Jackson%20Baseball.pdf,1364536,e1205b8084693c14758ac79d9a3f9b28,,,Reggie Jackson Baseball.pdf
docs/SMS/SMS Manuals/Rescue Mission.pdf,https://archive.org/download/mister-manuals/1986_Sega%20Master%20System.zip/1986_Sega%20Master%20System%2FRescue%20Mission.pdf,4269826,314f880f3a2b92965544d6661fc70062,,,Rescue Mission.pdf
docs/SMS/SMS Manuals/Rocky.pdf,https://archive.org/download/mister-manuals/1986_Sega%20Master%20System.zip/1986_Sega%20Master%20System%2FRocky.pdf,4025019,246078e80c7b2170b7790f8c41a86cbf,,,Rocky.pdf
docs/SMS/SMS Manuals/Sagaia.pdf,https://archive.org/download/mister-manuals/1986_Sega%20Master%20System.zip/1986_Sega%20Master%20System%2FSagaia.pdf,3042687,6674caabda964a15d50e0927248a63c0,,,Sagaia.pdf
docs/SMS/SMS Manuals/Shadow Dancer.pdf,https://archive.org/download/mister-manuals/1986_Sega%20Master%20System.zip/1986_Sega%20Master%20System%2FShadow%20Dancer.pdf,4122812,e789b52abf098c87b70d1656030defed,,,Shadow Dancer.pdf
docs/SMS/SMS Manuals/Shanghai.pdf,https://archive.org/download/mister-manuals/1986_Sega%20Master%20System.zip/1986_Sega%20Master%20System%2FShanghai.pdf,4397236,ef242644df27b8ae64ef3058fb241013,,,Shanghai.pdf
docs/SMS/SMS Manuals/Shinobi.pdf,https://archive.org/download/mister-manuals/1986_Sega%20Master%20System.zip/1986_Sega%20Master%20System%2FShinobi.pdf,3770482,b44d82710c99d58658847b602ac01be0,,,Shinobi.pdf
docs/SMS/SMS Manuals/Shooting Gallery.pdf,https://archive.org/download/mister-manuals/1986_Sega%20Master%20System.zip/1986_Sega%20Master%20System%2FShooting%20Gallery.pdf,4236098,e9165a94c2f2e0ada42784fdd53ba69e,,,Shooting Gallery.pdf
docs/SMS/SMS Manuals/Slap Shot.pdf,https://archive.org/download/mister-manuals/1986_Sega%20Master%20System.zip/1986_Sega%20Master%20System%2FSlap%20Shot.pdf,4344467,71a3af490e3c2f80a46f9a771f95fbf4,,,Slap Shot.pdf
docs/SMS/SMS Manuals/Snail Maze.pdf,https://archive.org/download/mister-manuals/1986_Sega%20Master%20System.zip/1986_Sega%20Master%20System%2FSnail%20Maze.pdf,487669,261c3265bfb475daa28c8a1199940179,,,Snail Maze.pdf
docs/SMS/SMS Manuals/Sonic the Hedgehog - Chaos.pdf,https://archive.org/download/mister-manuals/1986_Sega%20Master%20System.zip/1986_Sega%20Master%20System%2FSonic%20the%20Hedgehog%20-%20Chaos.pdf,803249,78e9b0892358bed855b9a136b38a12dd,,,Sonic the Hedgehog - Chaos.pdf
docs/SMS/SMS Manuals/Sonic the Hedgehog - Spinball.pdf,https://archive.org/download/mister-manuals/1986_Sega%20Master%20System.zip/1986_Sega%20Master%20System%2FSonic%20the%20Hedgehog%20-%20Spinball.pdf,873649,db9e91e5db7f835d410900bd18534a1a,,,Sonic the Hedgehog - Spinball.pdf
docs/SMS/SMS Manuals/Sonic the Hedgehog .pdf,https://archive.org/download/mister-manuals/1986_Sega%20Master%20System.zip/1986_Sega%20Master%20System%2FSonic%20the%20Hedgehog%20.pdf,1457924,f1a45e978e1e98eabddaaf421cc79a41,,,Sonic the Hedgehog .pdf
docs/SMS/SMS Manuals/Sonic the Hedgehog 2.pdf,https://archive.org/download/mister-manuals/1986_Sega%20Master%20System.zip/1986_Sega%20Master%20System%2FSonic%20the%20Hedgehog%202.pdf,3985548,c7ef077b582f03ecb04ee42c2489734e,,,Sonic the Hedgehog 2.pdf
docs/SMS/SMS Manuals/Space Harrier 3-D.pdf,https://archive.org/download/mister-manuals/1986_Sega%20Master%20System.zip/1986_Sega%20Master%20System%2FSpace%20Harrier%203-D.pdf,4418584,83dae2267a453a17d524b90b65e390dc,,,Space Harrier 3-D.pdf
docs/SMS/SMS Manuals/Space Harrier.pdf,https://archive.org/download/mister-manuals/1986_Sega%20Master%20System.zip/1986_Sega%20Master%20System%2FSpace%20Harrier.pdf,1047133,2acc8de51d259bc5ddd8564a3c45514d,,,Space Harrier.pdf
docs/SMS/SMS Manuals/Speedball.pdf,https://archive.org/download/mister-manuals/1986_Sega%20Master%20System.zip/1986_Sega%20Master%20System%2FSpeedball.pdf,2728339,de3d68ba2334dbb09d2dfc4e5b9b74b2,,,Speedball.pdf
docs/SMS/SMS Manuals/SpellCaster.pdf,https://archive.org/download/mister-manuals/1986_Sega%20Master%20System.zip/1986_Sega%20Master%20System%2FSpellCaster.pdf,1548142,1a2dec0817346e280c52260b3ebde782,,,SpellCaster.pdf
docs/SMS/SMS Manuals/Spider-Man - Return of the Sinister Six.pdf,https://archive.org/download/mister-manuals/1986_Sega%20Master%20System.zip/1986_Sega%20Master%20System%2FSpider-Man%20-%20Return%20of%20the%20Sinister%20Six.pdf,3271545,311c623b45984896a634f39536313cd2,,,Spider-Man - Return of the Sinister Six.pdf
docs/SMS/SMS Manuals/Spider-Man vs. The Kingpin.pdf,https://archive.org/download/mister-manuals/1986_Sega%20Master%20System.zip/1986_Sega%20Master%20System%2FSpider-Man%20vs.%20The%20Kingpin.pdf,4405361,d17d959af9b71ffa632cee61c17a4a12,,,Spider-Man vs. The Kingpin.pdf
docs/SMS/SMS Manuals/Spy vs. Spy.pdf,https://archive.org/download/mister-manuals/1986_Sega%20Master%20System.zip/1986_Sega%20Master%20System%2FSpy%20vs.%20Spy.pdf,3749907,395f6d962c94605838ab6b4d7b939687,,,Spy vs. Spy.pdf
docs/SMS/SMS Manuals/Streets of Rage.pdf,https://archive.org/download/mister-manuals/1986_Sega%20Master%20System.zip/1986_Sega%20Master%20System%2FStreets%20of%20Rage.pdf,1487219,de4120c7b9d3e1a9b5951a23197b96c5,,,Streets of Rage.pdf
docs/SMS/SMS Manuals/Strider II.pdf,https://archive.org/download/mister-manuals/1986_Sega%20Master%20System.zip/1986_Sega%20Master%20System%2FStrider%20II.pdf,3120831,0b0377ff6ef9aa71ebaca10bbefb54a1,,,Strider II.pdf
docs/SMS/SMS Manuals/Strider.pdf,https://archive.org/download/mister-manuals/1986_Sega%20Master%20System.zip/1986_Sega%20Master%20System%2FStrider.pdf,4360251,4b3d0f979d093725d2ebb2a7b7748375,,,Strider.pdf
docs/SMS/SMS Manuals/Super Monaco GP.pdf,https://archive.org/download/mister-manuals/1986_Sega%20Master%20System.zip/1986_Sega%20Master%20System%2FSuper%20Monaco%20GP.pdf,4029838,d93afbc13763cf2d8401af688cefa83c,,,Super Monaco GP.pdf
docs/SMS/SMS Manuals/Super Space Invaders.pdf,https://archive.org/download/mister-manuals/1986_Sega%20Master%20System.zip/1986_Sega%20Master%20System%2FSuper%20Space%20Invaders.pdf,3339727,7ada2f37aafb925e8842c72c3d3e1bf2,,,Super Space Invaders.pdf
docs/SMS/SMS Manuals/Super Tennis.pdf,https://archive.org/download/mister-manuals/1986_Sega%20Master%20System.zip/1986_Sega%20Master%20System%2FSuper%20Tennis.pdf,3661455,24241bb25d9c2ba5152d304507253e30,,,Super Tennis.pdf
docs/SMS/SMS Manuals/Taz-Mania.pdf,https://archive.org/download/mister-manuals/1986_Sega%20Master%20System.zip/1986_Sega%20Master%20System%2FTaz-Mania.pdf,2509845,cd9567ea1c05dc3c76efa66b021d561e,,,Taz-Mania.pdf
docs/SMS/SMS Manuals/Tecmo World Cup '93.pdf,https://archive.org/download/mister-manuals/1986_Sega%20Master%20System.zip/1986_Sega%20Master%20System%2FTecmo%20World%20Cup%20_93.pdf,1470762,ce5cd0e8d4e403f9e3c5a94943f76d40,,,Tecmo World Cup _93.pdf
docs/SMS/SMS Manuals/Teddy Boy Blues.pdf,https://archive.org/download/mister-manuals/1986_Sega%20Master%20System.zip/1986_Sega%20Master%20System%2FTeddy%20Boy%20Blues.pdf,4202106,e1f4cb46d5ac69fbf50b144a0d552437,,,Teddy Boy Blues.pdf
"docs/SMS/SMS Manuals/Terminator, The.pdf",https://archive.org/download/mister-manuals/1986_Sega%20Master%20System.zip/1986_Sega%20Master%20System%2FTerminator%2C%20The.pdf,2707112,d7ec94a04fa324b34d5fea318b8157fd,,,"Terminator, The.pdf"
docs/SMS/SMS Manuals/Thunder Blade.pdf,https://archive.org/download/mister-manuals/1986_Sega%20Master%20System.zip/1986_Sega%20Master%20System%2FThunder%20Blade.pdf,4526259,0d23e40a3c382db7adcd47f036c88a8f,,,Thunder Blade.pdf
docs/SMS/SMS Manuals/Time Soldiers.pdf,https://archive.org/download/mister-manuals/1986_Sega%20Master%20System.zip/1986_Sega%20Master%20System%2FTime%20Soldiers.pdf,1500850,b32ccb4b56be0575be8f7d54461801a9,,,Time Soldiers.pdf
docs/SMS/SMS Manuals/Tom and Jerry - The Movie.pdf,https://archive.org/download/mister-manuals/1986_Sega%20Master%20System.zip/1986_Sega%20Master%20System%2FTom%20and%20Jerry%20-%20The%20Movie.pdf,4031720,e703c1b3192e6e25cf971ed7f7162989,,,Tom and Jerry - The Movie.pdf
docs/SMS/SMS Manuals/TransBot.pdf,https://archive.org/download/mister-manuals/1986_Sega%20Master%20System.zip/1986_Sega%20Master%20System%2FTransBot.pdf,3371929,f7396e6fdd801e19981ca45b6c18e404,,,TransBot.pdf
docs/SMS/SMS Manuals/Trivial Pursuit - Genus Edition.pdf,https://archive.org/download/mister-manuals/1986_Sega%20Master%20System.zip/1986_Sega%20Master%20System%2FTrivial%20Pursuit%20-%20Genus%20Edition.pdf,2149248,922d45bdbde6abf146b527f55fa05b8f,,,Trivial Pursuit - Genus Edition.pdf
docs/SMS/SMS Manuals/Ultima IV - Quest of the Avatar.pdf,https://archive.org/download/mister-manuals/1986_Sega%20Master%20System.zip/1986_Sega%20Master%20System%2FUltima%20IV%20-%20Quest%20of%20the%20Avatar.pdf,9318286,351e8a1ce27906dd566a86f0df4f05ce,,,Ultima IV - Quest of the Avatar.pdf
docs/SMS/SMS Manuals/Vigilante.pdf,https://archive.org/download/mister-manuals/1986_Sega%20Master%20System.zip/1986_Sega%20Master%20System%2FVigilante.pdf,1015243,902794608e80270826843008b9cd4b5e,,,Vigilante.pdf
docs/SMS/SMS Manuals/Walter Payton Football.pdf,https://archive.org/download/mister-manuals/1986_Sega%20Master%20System.zip/1986_Sega%20Master%20System%2FWalter%20Payton%20Football.pdf,1471799,50b3c5be482dc23ced705e6cfbb70f6d,,,Walter Payton Football.pdf
docs/SMS/SMS Manuals/Wanted.pdf,https://archive.org/download/mister-manuals/1986_Sega%20Master%20System.zip/1986_Sega%20Master%20System%2FWanted.pdf,1341652,38fb9c6c3c58c5a6b0701ed5d32ecc03,,,Wanted.pdf
docs/SMS/SMS Manuals/Where in the World is Carmen Sandiego.pdf,https://archive.org/download/mister-manuals/1986_Sega%20Master%20System.zip/1986_Sega%20Master%20System%2FWhere%20in%20the%20World%20is%20Carmen%20Sandiego.pdf,4380658,9b0829715b5ba905c0dd175950bf9319,,,Where in the World is Carmen Sandiego.pdf
docs/SMS/SMS Manuals/Wimbledon II.pdf,https://archive.org/download/mister-manuals/1986_Sega%20Master%20System.zip/1986_Sega%20Master%20System%2FWimbledon%20II.pdf,2732116,fca3bb3152b541dd213a85cb49bee71c,,,Wimbledon II.pdf
docs/SMS/SMS Manuals/Wonder Boy .pdf,https://archive.org/download/mister-manuals/1986_Sega%20Master%20System.zip/1986_Sega%20Master%20System%2FWonder%20Boy%20.pdf,1766630,ebf4c5b9ead41d1e84ebf33794520f12,,,Wonder Boy .pdf
docs/SMS/SMS Manuals/Wonder Boy III - The Dragon's Trap.pdf,https://archive.org/download/mister-manuals/1986_Sega%20Master%20System.zip/1986_Sega%20Master%20System%2FWonder%20Boy%20III%20-%20The%20Dragon_s%20Trap.pdf,1634684,0ae8c744c34c8c98bb36495343b45bac,,,Wonder Boy III - The Dragon_s Trap.pdf
docs/SMS/SMS Manuals/Wonder Boy in Monster Land.pdf,https://archive.org/download/mister-manuals/1986_Sega%20Master%20System.zip/1986_Sega%20Master%20System%2FWonder%20Boy%20in%20Monster%20Land.pdf,1976494,d991796ead716209a5b6db0aba70f5d7,,,Wonder Boy in Monster Land.pdf
docs/SMS/SMS Manuals/World Class Leader Board.pdf,https://archive.org/download/mister-manuals/1986_Sega%20Master%20System.zip/1986_Sega%20Master%20System%2FWorld%20Class%20Leader%20Board.pdf,2210340,3437e35b9b3f5f85cf5c038ff7c39e11,,,World Class Leader Board.pdf
docs/SMS/SMS Manuals/World Grand Prix.pdf,https://archive.org/download/mister-manuals/1986_Sega%20Master%20System.zip/1986_Sega%20Master%20System%2FWorld%20Grand%20Prix.pdf,754587,f5203241685c7d90432a342afaf28b89,,,World Grand Prix.pdf
docs/SMS/SMS Manuals/World Soccer.pdf,https://archive.org/download/mister-manuals/1986_Sega%20Master%20System.zip/1986_Sega%20Master%20System%2FWorld%20Soccer.pdf,3211362,6579c3d3b7a266e0c20f2bcd6496a192,,,World Soccer.pdf
docs/SMS/SMS Manuals/Xenon 2 - Megablast.pdf,https://archive.org/download/mister-manuals/1986_Sega%20Master%20System.zip/1986_Sega%20Master%20System%2FXenon%202%20-%20Megablast.pdf,947888,4b0c962cce19a9ef806f62f39d5a5e90,,,Xenon 2 - Megablast.pdf
docs/SMS/SMS Manuals/Ys - The Vanished Omens.pdf,https://archive.org/download/mister-manuals/1986_Sega%20Master%20System.zip/1986_Sega%20Master%20System%2FYs%20-%20The%20Vanished%20Omens.pdf,1883496,c456b26df1a50d6ac89eaa436e916cfd,,,Ys - The Vanished Omens.pdf
docs/SMS/SMS Manuals/Zaxxon 3-D.pdf,https://archive.org/download/mister-manuals/1986_Sega%20Master%20System.zip/1986_Sega%20Master%20System%2FZaxxon%203-D.pdf,954687,c53a410e0ad93fb85d27b9982e71d4d2,,,Zaxxon 3-D.pdf
docs/SMS/SMS Manuals/Zillion .pdf,https://archive.org/download/mister-manuals/1986_Sega%20Master%20System.zip/1986_Sega%20Master%20System%2FZillion%20.pdf,1709855,e2e412a0aadfd74d9ab1a47bac892668,,,Zillion .pdf
docs/SMS/SMS Manuals/Zillion II - The Tri Formation.pdf,https://archive.org/download/mister-manuals/1986_Sega%20Master%20System.zip/1986_Sega%20Master%20System%2FZillion%20II%20-%20The%20Tri%20Formation.pdf,4502360,15ea1d3b8777613fb1944b0cc305d64e,,,Zillion II - The Tri Formation.pdf
